# 六、数据汇总和采样

```sql
This chapter is about how to aggregate and sample data in HQL. It first covers the use of several aggregate functions, enhanced aggregate functions, and window functions working with a GROUP BY*,* PARTITION BY statement. Then, it introduces the different ways of sampling data. In this chapter, we will cover the following topics:
```

*   基本聚合
*   增强型聚合
*   聚集条件
*   窗口函数
*   采样 / 取样 / 抽样 / 样品

# 基本聚合

数据聚合是根据特定条件收集并以摘要形式表示数据以获得有关特定群体的更多信息的过程。 HQL 提供了几个内置聚合函数，如`max(...)`、`min(...)`和`avg(...)`。 它还支持使用诸如`GROUPING SETS`、`ROLLUP`和`CUBE`等关键字以及不同类型的窗口函数的高级聚合。

基本的内置聚合函数通常与`GROUP BY`子句一起使用。 如果没有指定`GROUP BY`子句，则默认情况下，它将聚合整个行(所有列)。 除了聚合函数外，`GROUP BY`子句中还必须包括所有选定的列。 以下是涉及内置聚合函数的几个示例：

1.  不带`GROUP BY`列的数据聚合：

```sql
 > SELECT 
 > count(*) as rowcnt1, 
 > count(1) as rowcnt2 -- same to count(*)
 > FROM employee;
 +---------+---------+
 | rowcnt1 | rowcnt2 |
 +---------+---------+
 | 4       | 4       |
 +---------+---------+
 1 row selected (0.184 seconds)
```

Sometimes, the basic aggregate function call returns the result immediately, such as in the previous example, where it took less than 0.2 seconds. The reason is that Hive fetches such aggregation results directly from the statistics collected (introduced in [Chapter 8](08.html), *Extensibility Considerations*). To get the aggregation by actually running a job, you may need to add a `limit` or `where` clause in the query.

2.  包含`GROUP BY`列的聚合：

```sql
 > SELECT 
 > gender_age.gender, count(*) as row_cnt
 > FROM employee
 > GROUP BY gender_age.gender;
 +--------------------+----------+
 | gender_age.gender  | row_cnt  |
 +--------------------+----------+
 | Female             | 2        |
 | Male               | 3        |
 +--------------------+----------+
 2 rows selected (100.565 seconds)

-- The column name selected is not a group by columns causes error
 > SELECT 
 > name, gender_age.gender, count(*) as row_cnt
 > FROM employee GROUP BY gender_age.gender;
 Error: Error while compiling statement: FAILED: SemanticException 
      [Error 10025]: Line 2:1 Expression 
      not in GROUP BY key 'name' (state=42000,code=10025) 
```

If we have to select columns that are not `GROUP BY` columns, one way is to use window functions, which are introduced later.

聚合函数可以与同一`SELECT`语句中的其他聚合函数一起使用。 它还可以嵌套的方式与其他函数(如条件函数)一起使用。 但是，不支持嵌套聚合函数。 有关更多详细信息，请参阅以下示例：

1.  同一`SELECT`语句中有多个聚合函数：

```sql
 > SELECT 
 > gender_age.gender, avg(gender_age.age) as avg_age,
 > count(*) as row_cnt
 > FROM employee GROUP BY gender_age.gender; 
 +--------------------+---------------------+----------+
 | gender_age.gender  |       avg_age       | row_cnt  |
 +--------------------+---------------------+----------+
 | Female             | 42.0                | 2        |
 | Male               | 31.666666666666668  | 3        |
 +--------------------+---------------------+----------+
 2 rows selected (98.857 seconds)
```

2.  聚合函数还可以与`CASE WHEN THEN ELSE END`*、*`coalesce(...)`或`if(...)`一起使用：

```sql
 > SELECT 
 > sum(CASE WHEN gender_age.gender = 'Male'
 > THEN gender_age.age ELSE 0 END)/
 > count(CASE WHEN gender_age.gender = 'Male' THEN 1
 > ELSE NULL END) as male_age_avg 
 > FROM employee;
 +---------------------+
 |    male_age_avg     |
 +---------------------+
 | 31.666666666666668  |
 +---------------------+
 1 row selected (38.415 seconds)

 > SELECT
 > sum(coalesce(gender_age.age,0)) as age_sum,
 > sum(if(gender_age.gender = 'Female',gender_age.age,0)) as 
      female_age_sum
 > FROM employee;
 +----------+----------------+
 | age_sum  | female_age_sum |
 +----------+----------------+
 | 179      | 84             |
 +----------+----------------+
 1 row selected (42.137 seconds)
```

3.  `GROUP BY`也可以应用于表达式：

```sql
 > SELECT
 > if(name = 'Will', 1, 0) as name_group, 
 > count(name) as name_cnt 
 > FROM employee 
 > GROUP BY if(name = 'Will', 1, 0);
 +------------+----------+
 | name_group | name_cnt |
 +------------+----------+
 | 0          | 3        |
 | 1          | 1        |
 +------------+----------+
 2 rows selected (23.749 seconds)
```

4.  验证是否不允许嵌套聚合函数：

```sql
 > SELECT avg(count(*)) as row_cnt FROM employee;
 Error: Error while compiling statement: FAILED: SemanticException 
      [Error 10128]: Line 1:11 Not yet 
      supported place for UDAF 'count' (state=42000,code=10128)
```

5.  诸如`max(...)`或`min(...)`之类的聚合函数应用于`NULL`，并返回`NULL`。 但是，像`sum()`和`avg(...)`这样的函数不能适用于`NULL`。 `count(null)`返回 0。

```sql
 > SELECT max(null), min(null), count(null);
 +------+------+-----+
 | _c0  | _c1  | _c2 |
 +------+------+-----+
 | NULL | NULL |  0  |
 +------+------+-----+
 1 row selected (23.54 seconds)

 > SELECT sum(null), avg(null);
 Error: Error while compiling statement: FAILED: 
      UDFArgumentTypeException Only numeric or string type 
      arguments are accepted but void is passed. 
      (state=42000,code=40000)
```

此外，在处理值为 1`NULL`的列之间的聚合时，我们可能会遇到非常特殊的行为。 将忽略整行(如果有一列将`NULL`作为该行中的值)。 为了避免这种情况，我们可以在列值为`NULL`时使用`coalesce(...)`命令分配一个默认值。请参见以下示例：

```sql
      -- Create a table t for testing
 > CREATE TABLE t (val1 int, val2 int);
 > INSERT INTO TABLE t VALUES (1, 2),(null,2),(2,3);
 No rows affected (0.138 seconds) 

      -- Check the rows in the table created
 > SELECT * FROM t;
 +---------+---------+
 | t.val1  | t.val2  |
 +---------+---------+
 | 1       | 2       |
 | NULL    | 2       |
 | 2       | 3       |
 +---------+---------+
 3 rows selected (0.069 seconds)

      -- The 2nd row (NULL, 2) is ignored when doing sum(val1 + val2)
 > SELECT sum(val1), sum(val1 + val2) FROM t; 
 +------+------+
 | _c0  | _c1  |
 +------+------+
 | 3    | 8    |
 +------+------+
 1 row selected (57.775 seconds)

 > SELECT 
 > sum(coalesce(val1,0)),
 > sum(coalesce(val1,0) + val2) 
 > FROM t;
 +------+------+
 | _c0  | _c1  |
 +------+------+
 | 3    | 10   |
 +------+------+
 1 row selected (69.967 seconds)
```

6.  聚合函数还可以与`DISTINCT`关键字配合使用，以聚合唯一值：

```sql
 > SELECT 
 > count(DISTINCT gender_age.gender) as gender_uni_cnt,
 > count(DISTINCT name) as name_uni_cnt
 > FROM employee; 
 +-----------------+---------------+
 | gender_uni_cnt  | name_uni_cnt  |
 +-----------------+---------------+
 | 2               | 5             |
 +-----------------+---------------+
 1 row selected (35.935 seconds)
```

当我们同时使用`COUNT`和`DISTINCT`时，它总是忽略所使用的减速器数量的设置(例如`mapred.reduce.tasks = 20`)，并且可能只使用一个减速器。 在这种情况下，单个减速器成为处理大量数据的瓶颈。 解决方法是使用子查询，如下所示：

```sql
-- May trigger single reducer during the whole processing
> SELECT count(distinct gender_age.gender) as gender_uni_cnt FROM employee;

-- Use subquery to select unique value before aggregations
> SELECT 
> count(*) as gender_uni_cnt 
> FROM (
> SELECT DISTINCT gender_age.gender FROM employee
) a;
```

在这种情况下，实现`DISTINCT`的查询的第一阶段可以使用多个减法器。 在第二个阶段中，映射器仅用于`COUNT`目的的输出将较少，因为在实现`DISTINCT`之后数据已经是唯一的。 因此，减速器不会超载。

有时，我们可能需要找到最大值。 或最小。 特定列以及其他列的值，例如，要回答以下问题：员工表中年龄最大的男性和女性是谁？***和***要实现这一点，我们还可以对结构使用 max/min，如下所示，而不是使用所有子查询/窗口函数：

```sql
> SELECT gender_age.gender, 
> max(struct(gender_age.age, name)).col1 as age,
> max(struct(gender_age.age, name)).col2 as name
> FROM employee
> GROUP BY gender_age.gender;
+-------------------+-----+------+
| gender_age.gender | age | name |
+-------------------+-----+------+
| Female            | 57  | Lucy |
| Male              | 35  | Will |
+-------------------+-----+------+
2 rows selected (26.896 seconds)
```

虽然它仍然需要使用`GROUP BY`子句，但该作业比常规的`GROUP BY`查询或子查询效率更高，因为它只触发一个作业。

The `hive.map.aggr` property controls aggregations in the `map` task. The default value for this setting is `true`, so Hive will do the first-level aggregation directly in the `map` task for better performance, but consume more memory. Turn it off if you run out of memory in the `map` phase.

# 增强型聚合

配置单元通过使用**`GROUPING SETS`**、**`CUBE`**和**、`ROLLUP`**关键字提供增强的聚合。

# 对集合进行分组

`GROUPING SETS`针对同一组数据实现多个高级`GROUP BY`操作。 实际上，`GROUPING SETS`是将多个`GROUP BY`结果集与`UNION ALL`连接起来的一种快捷方式。 关键字`GROUPING SETS`在作业的单个阶段完成所有流程，效率更高。 `GROUPING SETS`子句中的空白集`()`计算总体聚合。 下面是几个例子来说明`GROUPING SETS`的等价性。 为了更好地理解，我们可以说`GROUPING SETS`的外层(大括号)定义了要实现的数据`UNION ALL`。 内部级别(大括号)定义要在每个`UNION ALL`中实施哪些`GROUP BY`数据。

1.  具有一个列对元素的分组集：

```sql
 SELECT 
 name, start_date, count(sin_number) as sin_cnt 
 FROM employee_hr
 GROUP BY name, start_date 
 GROUPING SETS((name, start_date));
      --||-- equals to
 SELECT
 name, start_date, count(sin_number) as sin_cnt 
 FROM employee_hr
 GROUP BY name, start_date;
 +---------+------------+---------+
 | name    | start_date | sin_cnt |
 +---------+------------+---------+
 | Lucy    | 2010-01-03 | 1       |
 | Michael | 2014-01-29 | 1       |
 | Steven  | 2012-11-03 | 1       |
 | Will    | 2013-10-02 | 1       |
 +---------+------------+---------+
 4 rows selected (26.3 seconds)

```

2.  包含两个元素的分组集：

```sql
 SELECT 
 name, start_date, count(sin_number) as sin_cnt 
 FROM employee_hr
 GROUP BY name, start_date 
 GROUPING SETS(name, start_date);
      --||-- equals to SELECT 
 name, null as start_date, count(sin_number) as sin_cnt 
 FROM employee_hr
 GROUP BY name
 UNION ALL
 SELECT 
 null as name, start_date, count(sin_number) as sin_cnt 
 FROM employee_hr
 GROUP BY start_date;
 ----------+------------+---------+
 | name    | start_date | sin_cnt |
 +---------+------------+---------+
 | NULL    | 2010-01-03 | 1       |
 | NULL    | 2012-11-03 | 1       |
 | NULL    | 2013-10-02 | 1       |
 | NULL    | 2014-01-29 | 1       |
 | Lucy    | NULL       | 1       |
 | Michael | NULL       | 1       |
 | Steven  | NULL       | 1       |
 | Will    | NULL       | 1       |
 +---------+------------+---------+
 8 rows selected (22.658 seconds)
```

3.  包含两个元素、列对和列的分组集：

```sql
 SELECT 
 name, start_date, count(sin_number) as sin_cnt 
 FROM employee_hr
 GROUP BY name, start_date 
 GROUPING SETS((name, start_date), name);
      --||-- equals to SELECT 
 name, start_date, count(sin_number) as sin_cnt 
 FROM employee_hr
 GROUP BY name, start_date
 UNION ALL
 SELECT 
 name, null as start_date, count(sin_number) as sin_cnt 
 FROM employee_hr
 GROUP BY name;
 +---------+------------+---------+
 | name    | start_date | sin_cnt |
 +---------+------------+---------+
 | Lucy    | NULL       | 1       |
 | Lucy    | 2010-01-03 | 1       |
 | Michael | NULL       | 1       |
 | Michael | 2014-01-29 | 1       |
 | Steven  | NULL       | 1       |
 | Steven  | 2012-11-03 | 1       |
 | Will    | NULL       | 1       |
 | Will    | 2013-10-02 | 1       |
 +---------+------------+---------+
 8 rows selected (22.503 seconds)
```

4.  包含四个元素的分组集，包括所有列的组合：

```sql
 SELECT 
 name, start_date, count(sin_number) as sin_cnt 
 FROM employee_hr
 GROUP BY name, start_date 
 GROUPING SETS((name, start_date), name, start_date, ());
      --||-- equals to SELECT 
 name, start_date, count(sin_number) as sin_cnt 
 FROM employee_hr
 GROUP BY name, start_date
 UNION ALL
 SELECT 
 name, null as start_date, count(sin_number) as sin_cnt 
 FROM employee_hr
 GROUP BY name
 UNION ALL
 SELECT 
 null as name, start_date, count(sin_number) as sin_cnt 
 FROM employee_hr
 GROUP BY start_date
 UNION ALL
 SELECT 
 null as name, null as start_date, count(sin_number) as sin_cnt 
 FROM employee_hr
 +---------+------------+---------+
 | name    | start_date | sin_cnt |
 +---------+------------+---------+
 | NULL    | NULL       | 4       |
 | NULL    | 2010-01-03 | 1       |
 | NULL    | 2012-11-03 | 1       |
 | NULL    | 2013-10-02 | 1       |
 | NULL    | 2014-01-29 | 1       |
 | Lucy    | NULL       | 1       |
 | Lucy    | 2010-01-03 | 1       |
 | Michael | NULL       | 1       |
 | Michael | 2014-01-29 | 1       |
 | Steven  | NULL       | 1       |
 | Steven  | 2012-11-03 | 1       |
 | Will    | NULL       | 1       |
 | Will    | 2013-10-02 | 1       |
 +---------+------------+---------+
 13 rows selected (24.916 seconds)
```

# 汇总和多维数据集

`ROLLUP`语句使`SELECT`语句能够计算指定维度组中的多个级别的聚合。 `ROLLUP`语句是`GROUP BY`子句的简单扩展，具有很高的效率和最小的查询开销。 与创建指定级别的聚合的`GROUPING SETS`相比，`ROLLUP`创建了***n+1***级别，其中***n***是分组列数。 首先，它计算在`GROUP BY`子句中指定的标准聚合值。 然后，它创建更高级别的小计，在分组列的组合列表中从右向左移动。 例如，`GROUP BY a,b,c WITH ROLLUP`***和***等同于`GROUP BY a,b,c GROUPING SETS ((a,b,c),(a,b),(a),())`。

`CUBE`语句接受一组指定的分组列，并为它们的所有可能组合创建聚合。 如果为*多维数据集*指定了***n***列，则将返回 2 个<sup>n</sup>聚合组合。 例如，`GROUP BY a,b,c WITH CUBE`**和**等同于`GROUP BY a,b,c GROUPING SETS ((a,b,c),(a,b),(b,c),(a,c),(a),(b),(c),())`。

函数`GROUPING__ID`*和*可以作为一个扩展来区分整行。 它返回在`GROUP BY`之后指定的每一列的位向量的十进制等效值。 返回的十进制数是从 1 和 0 的二进制转换而来的，它表示列是否在行中聚合(0)。另一方面，函数还通过直接返回二进制 1 或 0 来指示是否聚合`GROUP BY`子句中的列。 在下面的示例中，列的顺序从从`GROUP BY`开始计算最近的列(如`name`)开始。 结果集中的第一行表示`GROUP BY`中没有使用任何列。

将以下示例与`GROUPING SETS`部分中的最后一个示例进行比较，以更好地理解`GROUPING_ID`和`grouping(...)`：

```sql
SELECT 
name, start_date, count(employee_id) as emp_id_cnt,
GROUPING__ID,
grouping(name) as gp_name, 
grouping(start_date) as gp_sd
FROM employee_hr 
GROUP BY name, start_date 
WITH CUBE ORDER BY name, start_date;
+---------+------------+------------+-----+---------+-------+
| name    | start_date | emp_id_cnt | gid | gp_name | gp_sd |
+---------+------------+------------+-----+---------+-------+
| NULL    | NULL       | 4          | 3   | 1       | 1     |
| NULL    | 2010-01-03 | 1          | 2   | 1       | 0     |
| NULL    | 2012-11-03 | 1          | 2   | 1       | 0     |
| NULL    | 2013-10-02 | 1          | 2   | 1       | 0     |
| NULL    | 2014-01-29 | 1          | 2   | 1       | 0     |
| Lucy    | NULL       | 1          | 1   | 0       | 1     |
| Lucy    | 2010-01-03 | 1          | 0   | 0       | 0     |
| Michael | NULL       | 1          | 1   | 0       | 1     |
| Michael | 2014-01-29 | 1          | 0   | 0       | 0     |
| Steven  | NULL       | 1          | 1   | 0       | 1     |
| Steven  | 2012-11-03 | 1          | 0   | 0       | 0     |
| Will    | NULL       | 1          | 1   | 0       | 1     |
| Will    | 2013-10-02 | 1          | 0   | 0       | 0     |
+---------+------------+------------+-----+---------+-------+
13 rows selected (55.507 seconds)
```

# 聚集条件

从 v0.7.0 开始，增加了`HAVING`，直接支持聚合结果的条件过滤。 通过使用`HAVING`，我们可以避免在`GROUP BY`语句之后使用子查询。 请参见以下示例：

```sql
> SELECT 
> gender_age.age 
> FROM employee
> GROUP BY gender_age.age 
> HAVING count(*)=1;
+----------------+
| gender_age.age |
+----------------+
| 27             |
| 30             |
| 35             |
| 57             |
+----------------+
4 rows selected (25.829 seconds)

> SELECT 
> gender_age.age, 
> count(*) as cnt -- Support use column alias in HAVING, like ORDER BY
> FROM employee 
> GROUP BY gender_age.age HAVING cnt=1; 
+----------------+-----+
| gender_age.age | cnt |
+----------------+-----+
| 27             | 1   |
| 30             | 1   |
| 35             | 1   |
| 57             | 1   |
+----------------+-----+ 
4 rows selected (25.804 seconds)
```

`HAVING` supports filtering on regular columns too. However, it is recommended to use such a filter type after a `WHERE` clause rather than `HAVING` for better performance.

如果不使用`HAVING`，则可以改用子查询，如下所示：

```sql
> SELECT 
> a.age
> FROM (
> SELECT count(*) as cnt, gender_age.age 
> FROM employee GROUP BY gender_age.age
> ) a WHERE a.cnt <= 1;
+--------+
| a.age  |
+--------+
| 57     |
| 27     |
| 35     |
+--------+
3 rows selected (87.298 seconds)
```

# 窗口函数

**窗口函数**从配置单元 v0.11.0 开始提供，是扫描多个输入行以计算每个输出值的一组特殊函数。 窗口函数通常与`OVER`、`PARTITION BY`、`ORDER BY`和窗口规范一起使用。 与`GROUP BY`子句使用的常规聚合函数不同，并且限制为每组一个结果值，窗口函数在窗口上操作，其中输入行使用通过`OVER`和`PARTITION`子句表示的灵活条件进行排序和分组。 窗口函数提供聚合结果，但不对结果集进行分组。 它们为每条记录多次返回组值。 与常规的`GROUP BY`子句相比，窗口函数提供了极大的灵活性和功能，并使 HQL 进行的特殊聚合更容易、更强大。 窗口函数的语法如下：

`Function (arg1,..., argn) OVER ([PARTITION BY <...>] [ORDER BY <....>] [<window_expression>])`

`Function (arg1,..., argn)`可以是以下四个类别中的任何函数：

*   **聚合函数**：常规聚合函数，如`sum(...)`和`max(...)`
*   **排序函数**：用于对数据进行排序的函数，如`rank(...)`和`row_number(...)`
*   **分析函数**：用于统计和比较的函数，如`lead(...)`、`lag(...)`和`first_value(...)`

`OVER ``[PARTITION BY <...>]`**和**子句类似于`GROUP BY`子句。 它按列将行划分为在一个或多个分区中包含相同值的组。 这些逻辑组称为分区，这与用于分区表的术语不同。 省略`PARTITION BY`语句会将操作应用于表中的所有行。

`[ORDER BY <....>]`子句与常规`ORDER BY`子句相同。 它确保由`PARTITION BY`子句生成的行按规范排序，例如升序或降序。

接下来，我们将通过示例了解每类窗口函数的更多细节。

# 窗口聚合函数

在窗口函数中使用常规聚合函数比`GROUP BY`更灵活，后者需要选择列表中的所有分组列。 从配置单元 v2.2.0 开始，支持将`DISTINCT`与窗口函数中的聚合函数一起使用：

1.  准备用于演示的表格和数据：

```sql
 > CREATE TABLE IF NOT EXISTS employee_contract (
 > name string,
 > dept_num int,
 > employee_id int,
 > salary int,
 > type string,
 > start_date date
 > )
 > ROW FORMAT DELIMITED
 > FIELDS TERMINATED BY '|'
 > STORED as TEXTFILE;
 No rows affected (0.282 seconds)

 > LOAD DATD INPATH '/tmp/hivedemo/data/employee_contract.txt'
 > OVERWRITE INTO TABLE employee_contract;
 No rows affected (0.48 seconds)
```

2.  常规聚合用作窗口函数：

```sql
 > SELECT 
 > name, 
 > dept_num as deptno, 
 > salary,
 > count(*) OVER (PARTITION BY dept_num) as cnt,
 > count(distinct dept_num) OVER (PARTITION BY dept_num) as dcnt,
 > sum(salary) OVER(PARTITION BY dept_num ORDER BY dept_num) as 
      sum1,
 > sum(salary) OVER(ORDER BY dept_num) as sum2,
 > sum(salary) OVER(ORDER BY dept_num, name) as sum3
 > FROM employee_contract
 > ORDER BY deptno, name;
 +---------+--------+--------+-----+-----+-------+-------+-------+
 | name    | deptno | salary | cnt | dcnt| sum1  | sum2  | sum3  |
 +---------+--------+--------+-----+-----+-------+-------+-------+
 | Lucy    | 1000   | 5500   | 5   | 1   | 24900 | 24900 | 5500  |
 | Michael | 1000   | 5000   | 5   | 1   | 24900 | 24900 | 10500 |
 | Steven  | 1000   | 6400   | 5   | 1   | 24900 | 24900 | 16900 |
 | Wendy   | 1000   | 4000   | 5   | 1   | 24900 | 24900 | 20900 |
 | Will    | 1000   | 4000   | 5   | 1   | 24900 | 24900 | 24900 |
 | Jess    | 1001   | 6000   | 3   | 1   | 17400 | 42300 | 30900 |
 | Lily    | 1001   | 5000   | 3   | 1   | 17400 | 42300 | 35900 |
 | Mike    | 1001   | 6400   | 3   | 1   | 17400 | 42300 | 42300 |
 | Richard | 1002   | 8000   | 3   | 1   | 20500 | 62800 | 50300 |
 | Wei     | 1002   | 7000   | 3   | 1   | 20500 | 62800 | 57300 |
 | Yun     | 1002   | 5500   | 3   | 1   | 20500 | 62800 | 62800 |
 +---------+--------+--------+-----+-----+-------+-------+-------+
 11 rows selected (111.856 seconds)
```

# 窗口排序函数

窗口排序函数将特定组内的排序数据信息(如行号和排名)作为返回数据的一部分提供。 最常用的排序函数如下：

*   `row_number`：根据分区和顺序规范，为每行分配一个从 1 开始的唯一序列号。
*   `rank`：对组中的项目进行排名，例如查找满足特定条件的前三行*N*。
*   `dense_rank`：类似于`rank`，但在有平局时不会在排名顺序中留下空白。 例如，如果我们使用`dense_rank`来对一场比赛进行排名，并且有两名球员并列第二名，我们会看到这两名球员都排在第二位，下一个人排在第三位。 然而，第二个`rank`函数将把两个人排在第二位，但下一个人将排在第四位。
*   `percent_rank`：使用排名值而不是其分子中的行数作为(*当前排名-1)/(总行数-1)*。 因此，它返回值相对于一组值的百分比排名。
*   `ntile`：将有序数据集数据集划分为多个存储桶，并为每行分配适当的存储桶编号。 它可用于将行划分为相等的集合，并为每行分配一个数字。

以下是在 HQL 中使用窗口排序函数的一些示例：

```sql
> SELECT 
> name, 
> dept_num as deptno, 
> salary,
> row_number() OVER () as rnum, *-- sequence in orginal table*
> rank() OVER (PARTITION BY dept_num ORDER BY salary) as rk, 
> dense_rank() OVER (PARTITION BY dept_num ORDER BY salary) as drk,
> percent_rank() OVER(PARTITION BY dept_num ORDER BY salary) as prk,
> ntile(4) OVER(PARTITION BY dept_num ORDER BY salary) as ntile
> FROM employee_contract
> ORDER BY deptno, name;
+---------+--------+--------+------+----+-----+------+-------+
| name    | deptno | salary | rnum | rk | drk | prk  | ntile |
+---------+--------+--------+------+----+-----+------+-------+
| Lucy    | 1000   | 5500   | 7    | 4  | 3   | 0.75 | 3     |
| Michael | 1000   | 5000   | 11   | 3  | 2   | 0.5  | 2     |
| Steven  | 1000   | 6400   | 8    | 5  | 4   | 1.0  | 4     |
| Wendy   | 1000   | 4000   | 9    | 1  | 1   | 0.0  | 1     |
| Will    | 1000   | 4000   | 10   | 1  | 1   | 0.0  | 1     |
| Jess    | 1001   | 6000   | 5    | 2  | 2   | 0.5  | 2     |
| Lily    | 1001   | 5000   | 6    | 1  | 1   | 0.0  | 1     |
| Mike    | 1001   | 6400   | 4    | 3  | 3   | 1.0  | 3     |
| Richard | 1002   | 8000   | 1    | 3  | 3   | 1.0  | 3     |
| Wei     | 1002   | 7000   | 3    | 2  | 2   | 0.5  | 2     |
| Yun     | 1002   | 5500   | 2    | 1  | 1   | 0.0  | 1     |
+---------+--------+--------+------+----+-----+------+-------+
11 rows selected (80.052 seconds)
```

从配置单元 v2.1.0 开始，我们可以在`OVER`语句中使用聚合函数，如下所示：

```sql
> SELECT
> dept_num,
> rank() OVER (PARTITION BY dept_num ORDER BY sum(salary)) as rk
> FROM employee_contract
> GROUP BY dept_num;
+----------+----+
| dept_num | rk |
+----------+----+
| 1000     | 1  |
| 1001     | 1  |
| 1002     | 1  | 
+----------+----+
3 rows selected (54.43 seconds)
```

# 窗口分析功能

窗口分析函数提供扩展的数据分析，例如获取有序集合中的滞后、领先、最后或第一行。 最常用的分析函数如下：

*   `cume_dist`：计算其值小于或等于总行数除以当前行的值的行数，例如*(当前行的行数)/(总行数)*。
*   `lead`：此函数`lead(value_expr[,offset[,default]])`用于返回下一行的数据。 可以选择指定行数(偏移量)，默认情况下为 1 行。 当未指定默认值时，该函数返回`[,default]`或`NULL`。 此外，当前行的引线延伸到窗口末尾之外。
*   `lag`：此函数`lag(value_expr[,offset[,default]])`用于访问前一行中的数据。 可以选择指定要滞后的行数(偏移量)，默认情况下为 1。 当未指定默认值时，该函数返回`[,default]`或`NULL`。 此外，当前行的滞后时间会延伸到窗口末尾之外。
*   `first_value`：它返回有序集的第一个结果。
*   `last_value`：它返回有序集的最后一个结果。

以下是在 HQL 中使用窗口分析函数的一些示例：

```sql
> SELECT 
> name,
> dept_num as deptno,
> salary,
> cume_dist() OVER (PARTITION BY dept_num ORDER BY salary) as cume,
> lead(salary, 2) OVER (PARTITION BY dept_num ORDER BY salary) as lead,
> lag(salary, 2, 0) OVER (PARTITION BY dept_num ORDER BY salary) as lag,
> first_value(salary) OVER (PARTITION BY dept_num ORDER BY salary) as fval,
> last_value(salary) OVER (PARTITION BY dept_num ORDER BY salary) as lval,
> last_value(salary) OVER (PARTITION BY dept_num ORDER BY salary RANGE BETWEEN UNBOUNDED PRECEDING AND UNBOUNDED FOLLOWING) as lval2
> FROM employee_contract 
> ORDER BY deptno, salary;
+--------+------+--------+------+------+-----+------+------+-------+
| name   |deptno| salary | cume | lead | lag | fval |lvalue|lvalue2|
+--------+------+--------+------+------+-----+------+------+-------+
| Will   | 1000 | 4000   | 0.4  | 5500 | 0   | 4000 | 4000 | 6400  |
| Wendy  | 1000 | 4000   | 0.4  | 5000 | 0   | 4000 | 4000 | 6400  |
| Michael| 1000 | 5000   | 0.6  | 6400 | 4000| 4000 | 5000 | 6400  |
| Lucy   | 1000 | 5500   | 0.8  | NULL | 4000| 4000 | 5500 | 6400  |
| Steven | 1000 | 6400   | 1.0  | NULL | 5000| 4000 | 6400 | 6400  |
| Lily   | 1001 | 5000   | 0.33 | 6400 | 0   | 5000 | 5000 | 6400  |
| Jess   | 1001 | 6000   | 0.67 | NULL | 0   | 5000 | 6000 | 6400  |
| Mike   | 1001 | 6400   | 1.0  | NULL | 5000| 5000 | 6400 | 6400  |
| Yun    | 1002 | 5500   | 0.33 | 8000 | 0   | 5500 | 5500 | 8000  |
| Wei    | 1002 | 7000   | 0.67 | NULL | 0   | 5500 | 7000 | 8000  |
| Richard| 1002 | 8000   | 1.0  | NULL | 5500| 5500 | 8000 | 8000  |
+--------+------+--------+------+------+-----+------+------+-------+
11 rows selected (55.203 seconds)
```

对于`last_value`，结果(`lval`列)有点出乎意料。 这是因为使用的默认 WINDOW 子句(将在下一节中介绍)是`RANGE BETWEEN UNBOUNDED PRECEDING AND CURRENT ROW`，在本例中，这意味着当前行将始终是最后一个值。 将窗口子句更改为`RANGE BETWEEN UNBOUNDED PRECEDING AND UNBOUNDED FOLLOWING`会给出预期的结果(请参阅`lval2`列)。

# 窗口表达式

`[<window_expression>]`用于进一步细分结果并应用窗函数。 有两种类型的窗口：行类型窗口和范围类型窗口。

根据[https://issues.apache.org/jira/browse/HIVE-4797](https://issues.apache.org/jira/browse/HIVE-4797)处的 JIRA，`rank(...)`、`ntile(...)`、`dense_rank(...)`、`cume_dist(...)`、`percent_rank(...)`、`lead(...)`、`lag(...)`和`row_number(...)`函数还不支持与窗口表达式一起使用。

对于行类型窗口，定义是根据当前行之前或之后的行号。 ROW WINDOW 子句的常规语法如下：

`ROWS BETWEEN <start_expr> AND <end_expr>`

`<start_expr>`可以是以下任一项：

*   `UNBOUNDED PRECEDING`
*   `CURRENT ROW`
*   `N PRECEDING or FOLLOWING`

`<end_expr>`可以是以下任一项：

*   `UNBOUNDED FOLLOWING`
*   `CURRENT ROW`
*   `N PRECEDING or FOLLOWING`

下面介绍有关使用窗口表达式及其组合的更多详细信息：

*   `BETWEEN`...`AND`：使用它指定窗的起点和终点。 第一个表达式(在`AND`之前)定义起点，第二个表达式(在`AND`之后)定义终点。 如果我们省略了`BETWEEN...AND`(例如`ROWS N PRECEDING`或`ROWS UNBOUNDED PRECEDING`)，则配置单元会将其视为起点，而终结点则默认为当前行(请参阅以下示例中的`win6`和`win7`列)。
*   `N PRECEDING or FOLLOWING`：这表示当前行之前或之后的*N*行。
*   `UNBOUNDED PRECEDING`：这表示窗口从分区的第一行开始。 这是起点规范，不能用作终点规范。
*   `UNBOUNDED FOLLOWING`：这表示窗口在分区的最后一行结束。 这是终结点规范，不能用作起点规范。
*   `UNBOUNDED PRECEDING AND UNBOUNDED FOLLOWING`：这表示每行的第一行和最后一行，表示表中的所有行(请参见下面示例中的`win14`列)。
*   `CURRENT ROW`：作为起点，`CURRENT ROW`指定窗口从当前行或值开始，具体取决于我们指定的是`ROW`还是`RANGE`(范围将在本章后面介绍)。 在这种情况下，端点不能为`M PRECEDING`。 作为端点，`CURRENT ROW`指定窗口在当前行或当前值结束，具体取决于我们指定的是`ROW`还是`RANGE`。 在这种情况下，起点不能是`N FOLLOWING`。

下面的图表可以帮助我们更清楚地理解前面的定义：

![](img/dc9d9ca3-38c1-4732-ba00-11ebadbf9736.png)

Window expression definitions

以下示例实现 ROW 类型的窗口表达式：

```sql
-- Preceding and Following
> SELECT 
> name, dept_num as dno, salary as sal,
> max(salary) OVER (PARTITION BY dept_num ORDER BY name
> ROWS BETWEEN 2 PRECEDING AND CURRENT ROW) win1,
> max(salary) OVER (PARTITION BY dept_num ORDER BY name 
> ROWS BETWEEN 2 PRECEDING AND UNBOUNDED FOLLOWING) win2,
> max(salary) OVER (PARTITION BY dept_num ORDER BY name 
> ROWS BETWEEN 1 PRECEDING AND 2 FOLLOWING) win3,
> max(salary) OVER (PARTITION BY dept_num ORDER BY name 
> ROWS BETWEEN 2 PRECEDING AND 1 PRECEDING) win4,
> max(salary) OVER (PARTITION BY dept_num ORDER BY name 
> ROWS BETWEEN 1 FOLLOWING AND 2 FOLLOWING) win5,
> max(salary) OVER (PARTITION BY dept_num ORDER BY name 
> ROWS 2 PRECEDING) win6, -- FOLLOWING does not work in this way> max(salary) OVER (PARTITION BY dept_num ORDER BY name
> ROWS UNBOUNDED PRECEDING) win7
> FROM employee_contract
> ORDER BY dno, name;
+---------+------+------+------+------+------+------+------+------+------+
| name    | dno  | sal  | win1 | win2 | win3 | win4 | win5 | win6 | win7 |
+---------+------+------+------+------+------+------+------+------+------+
| Lucy    | 1000 | 5500 | 5500 | 6400 | 6400 | NULL | 6400 | 5500 | 5500 |
| Michael | 1000 | 5000 | 5500 | 6400 | 6400 | 5500 | 6400 | 5500 | 5500 |
| Steven  | 1000 | 6400 | 6400 | 6400 | 6400 | 5500 | 4000 | 6400 | 6400 |
| Wendy   | 1000 | 4000 | 6400 | 6400 | 6400 | 6400 | 4000 | 6400 | 6400 |
| Will    | 1000 | 4000 | 6400 | 6400 | 4000 | 6400 | NULL | 6400 | 6400 |
| Jess    | 1001 | 6000 | 6000 | 6400 | 6400 | NULL | 6400 | 6000 | 6000 |
| Lily    | 1001 | 5000 | 6000 | 6400 | 6400 | 6000 | 6400 | 6000 | 6000 |
| Mike    | 1001 | 6400 | 6400 | 6400 | 6400 | 6000 | NULL | 6400 | 6400 |
| Richard | 1002 | 8000 | 8000 | 8000 | 8000 | NULL | 7000 | 8000 | 8000 |
| Wei     | 1002 | 7000 | 8000 | 8000 | 8000 | 8000 | 5500 | 8000 | 8000 |
| Yun     | 1002 | 5500 | 8000 | 8000 | 7000 | 8000 | NULL | 8000 | 8000 |
+---------+------+------+------+------+------+------+------+------+------+
11 rows selected (55.885 seconds)

-- Current and Unbounded
> SELECT 
> name, dept_num as dno, salary as sal,
> max(salary) OVER (PARTITION BY dept_num ORDER BY name 
> ROWS BETWEEN CURRENT ROW AND CURRENT ROW) win8,
> max(salary) OVER (PARTITION BY dept_num ORDER BY name 
> ROWS BETWEEN CURRENT ROW AND 1 FOLLOWING) win9,
> max(salary) OVER (PARTITION BY dept_num ORDER BY name 
> ROWS BETWEEN CURRENT ROW AND UNBOUNDED FOLLOWING) win10,
> max(salary) OVER (PARTITION BY dept_num ORDER BY name 
> ROWS BETWEEN UNBOUNDED PRECEDING AND 1 PRECEDING) win11,
> max(salary) OVER (PARTITION BY dept_num ORDER BY name 
> ROWS BETWEEN UNBOUNDED PRECEDING AND CURRENT ROW) win12,
> max(salary) OVER (PARTITION BY dept_num ORDER BY name 
> ROWS BETWEEN UNBOUNDED PRECEDING AND 1 FOLLOWING) win13,
> max(salary) OVER (PARTITION BY dept_num ORDER BY name 
> ROWS BETWEEN UNBOUNDED PRECEDING AND UNBOUNDED FOLLOWING) win14
> FROM employee_contract
> ORDER BY dno, name;
+-------+----+------+------+------+-------+-------+-------+-------+-------+
|name   |dno | sal  | win8 | win9 | win10 | win11 | win12 | win13 | win14 |
+-------+----+------+------+------+-------+-------+-------+-------+-------+
|Lucy   |1000| 5500 | 5500 | 5500 | 6400  | NULL  | 5500  | 5500  | 6400  |
|Michael|1000| 5000 | 5000 | 6400 | 6400  | 5500  | 5500  | 6400  | 6400  |
|Steven |1000| 6400 | 6400 | 6400 | 6400  | 5500  | 6400  | 6400  | 6400  |
|Wendy  |1000| 4000 | 4000 | 4000 | 4000  | 6400  | 6400  | 6400  | 6400  |
|Will   |1000| 4000 | 4000 | 4000 | 4000  | 6400  | 6400  | 6400  | 6400  |
|Jess   |1001| 6000 | 6000 | 6000 | 6400  | NULL  | 6000  | 6000  | 6400  |
|Lily   |1001| 5000 | 5000 | 6400 | 6400  | 6000  | 6000  | 6400  | 6400  |
|Mike   |1001| 6400 | 6400 | 6400 | 6400  | 6000  | 6400  | 6400  | 6400  |
|Richard|1002| 8000 | 8000 | 8000 | 8000  | NULL  | 8000  | 8000  | 8000  |
|Wei    |1002| 7000 | 7000 | 7000 | 7000  | 8000  | 8000  | 8000  | 8000  |
|Yun    |1002| 5500 | 5500 | 5500 | 5500  | 8000  | 8000  | 8000  | 8000  |
+-------+----+------+------+------+-------+-------+-------+-------+-------+
11 rows selected (53.754 seconds)
```

此外，窗口可以在单独的 WINDOW 子句中定义，也可以由其他窗口引用，如下所示：

```sql
> SELECT 
> name, dept_num, salary,
> max(salary) OVER w1 as win1,
> max(salary) OVER w2 as win2,
> max(salary) OVER w3 as win3
> FROM employee_contract
> WINDOW w1 as (
> PARTITION BY dept_num ORDER BY name
> ROWS BETWEEN 2 PRECEDING AND CURRENT ROW
> ),
> w2 as w3,
> w3 as (
> PARTITION BY dept_num ORDER BY name
> ROWS BETWEEN 1 PRECEDING AND 2 FOLLOWING
> );
+---------+----------+--------+------+------+------+
| name    | dept_num | salary | win1 | win2 | win3 |
+---------+----------+--------+------+------+------+
| Lucy    | 1000     | 5500   | 5500 | 6400 | 6400 |
| Michael | 1000     | 5000   | 5500 | 6400 | 6400 |
| Steven  | 1000     | 6400   | 6400 | 6400 | 6400 |
| Wendy   | 1000     | 4000   | 6400 | 6400 | 6400 |
| Will    | 1000     | 4000   | 6400 | 4000 | 4000 |
| Jess    | 1001     | 6000   | 6000 | 6400 | 6400 |
| Lily    | 1001     | 5000   | 6000 | 6400 | 6400 |
| Mike    | 1001     | 6400   | 6400 | 6400 | 6400 |
| Richard | 1002     | 8000   | 8000 | 8000 | 8000 |
| Wei     | 1002     | 7000   | 8000 | 8000 | 8000 |
| Yun     | 1002     | 5500   | 8000 | 7000 | 7000 |
+---------+----------+--------+------+------+------+
11 rows selected (57.204 seconds)
```

与行类型窗口(以行为单位)相比，范围类型窗口以窗口表达式指定范围内的值为单位。 例如，`max(salary) RANGE BETWEEN 500 PRECEDING AND 1000 FOLLOWING`语句将不会根据当前行值-500 到+1000 之间的距离*计算分区范围内的*`max(salary)`。 如果当前行的工资为 4,000 美元，则此`max(salary)`将在每个`dept_num`指定的分区中包括其工资范围从 3,500 美元到 5,000 美元的行：

```sql
> SELECT
> dept_num, start_date, name, salary,
> max(salary) OVER (PARTITION BY dept_num ORDER BY salary
> RANGE BETWEEN 500 PRECEDING AND 1000 FOLLOWING) win1,
> max(salary) OVER (PARTITION BY dept_num ORDER BY salary
> RANGE BETWEEN 500 PRECEDING AND CURRENT ROW) win2
> FROM employee_contract
> order by dept_num, start_date;
+----------+------------+---------+--------+------+------+
| dept_num | start_date | name    | salary | win1 | win2 |
+----------+------------+---------+--------+------+------+
| 1000     | 2010-01-03 | Lucy    | 5500   | 6400 | 5500 |
| 1000     | 2012-11-03 | Steven  | 6400   | 6400 | 6400 |
| 1000     | 2013-10-02 | Will    | 4000   | 5000 | 4000 |
| 1000     | 2014-01-29 | Michael | 5000   | 5500 | 5000 |
| 1000     | 2014-10-02 | Wendy   | 4000   | 5000 | 4000 |
| 1001     | 2013-11-03 | Mike    | 6400   | 6400 | 6400 |
| 1001     | 2014-11-29 | Lily    | 5000   | 6000 | 5000 |
| 1001     | 2014-12-02 | Jess    | 6000   | 6400 | 6000 |
| 1002     | 2010-04-03 | Wei     | 7000   | 8000 | 7000 |
| 1002     | 2013-09-01 | Richard | 8000   | 8000 | 8000 |
| 1002     | 2014-01-29 | Yun     | 5500   | 5500 | 5500 |
+----------+------------+---------+--------+------+------+
11 rows selected (60.784 seconds)
```

如果完全省略*Window*表达式子句，则缺省窗口规范为`RANGE BETWEEN UNBOUNDED PRECEDING AND CURRENT ROW`。如果同时缺少`ORDER BY`和`WINDOW`表达式子句，则窗口规范缺省为`ROW BETWEEN UNBOUNDED PRECEDING AND UNBOUNDED FOLLOWING`。

# 采样 / 取样 / 抽样 / 样品

当数据量特别大时，我们可能需要找到数据子集来加快数据分析。 这就是抽样，这是一种用于识别和分析数据子集以发现整个数据集中的模式和趋势的技术。 在 HQL 中，数据抽样有三种方式：随机抽样、桶表抽样和分块抽样。

# 随机抽样

随机采样使用`rand()`函数和`LIMIT`关键字来获取数据采样，如下例所示。 这里使用`DISTRIBUTE`和`SORT`关键字，以确保数据也在映射器和减法器之间有效地随机分布。 `ORDER BY rand()`语句也可以达到同样的目的，但性能不好：

```sql
> SELECT name FROM employee_hr 
> DISTRIBUTE BY rand() SORT BY rand() LIMIT 2;
+--------+
| name   |
+--------+
| Will   |
| Steven |
+--------+
2 rows selected (52.399 seconds)
```

# 桶表抽样

这是一种特殊的采样方法，针对存储桶表进行了优化，如下例所示。 `SELECT`子句指定要从中采样数据的列。 在对整行进行采样时，也可以使用`rand()`函数。 如果样本柱也是`CLUSTERED BY`柱，则样本柱的效率会更高：

```sql
-- Sampling based on the whole row
> SELECT name FROM employee_trans
> TABLESAMPLE(BUCKET 1 OUT OF 2 ON rand()) a;
+--------+
| name   |
+--------+
| Steven |
+--------+
1 row selected (0.129 seconds)

-- Sampling based on the bucket column, which is efficient
> SELECT name FROM employee_trans 
> TABLESAMPLE(BUCKET 1 OUT OF 2 ON emp_id) a;
+---------+
| name    |
+---------+
| Lucy    |
| Steven  |
| Michael |
+---------+
3 rows selected (0.136 seconds)
```

# 整组抽样

这种类型的采样允许查询随机选取*n*行数据、*n*百分比的数据大小或*n*字节的数据。 采样粒度为 HDFS 块大小。 请参考以下示例：

```sql
-- Sample by number of rows
> SELECT name
> FROM employee TABLESAMPLE(1 ROWS) a;
+----------+
|   name   |
+----------+
| Michael  |
+----------+
1 rows selected (0.075 seconds)

-- Sample by percentage of data size
> SELECT name
> FROM employee TABLESAMPLE(50 PERCENT) a;
+----------+
|   name   |
+----------+
| Michael  |
| Will     |
+----------+
2 rows selected (0.041 seconds)

-- Sample by data size
-- Support b/B, k/K, m/M, g/G
> SELECT name FROM employee TABLESAMPLE(1B) a;
+----------+
|   name   |
+----------+
| Michael  |
+----------+
1 rows selected (0.075 seconds)
```

# 简略的 / 概括的 / 简易判罪的 / 简易的

在本章中，我们介绍了如何使用基本聚合函数聚合数据。 然后，我们介绍了使用`GROUPING SETS`、`ROLLUP`和`CUBE`的高级聚合，以及使用`HAVING`的聚合条件。 我们还介绍了各种窗口函数。 在本章的最后，我们介绍了数据采集的三种方式。 读完本章之后，您应该能够在 HQL 中进行基本的和高级的聚合和数据采样。 在下一章中，我们将讨论 Hive 中的性能考虑因素。